{
	"entity.cat.ambient": {
		"sounds": [
			{
				"name": "mob/cat/meow1",
				"volume": 0.03
			},
			{
				"name": "mob/cat/meow2",
				"volume": 0.025
			},
			{
				"name": "mob/cat/meow3",
				"volume": 0.03
			},
			{
				"name": "mob/cat/meow4",
				"volume": 0.025
			}
		],
		"replace": true,
		"subtitle": "subtitles.entity.cat.ambient"
	},
	"entity.cat.beg_for_food": {
		"sounds": [
			{
				"name": "mob/cat/beg1",
				"volume": 0.035
			},
			{
				"name": "mob/cat/beg2",
				"volume": 0.035
			},
			{
				"name": "mob/cat/beg3",
				"volume": 0.035
			}
		],
		"replace": true,
		"subtitle": "subtitles.entity.cat.beg_for_food"
	},
	"entity.cat.death": {
		"sounds": [
			{
				"name": "mob/cat/hitt1",
				"pitch": 0.9,
				"volume": 0.0375
			},
			{
				"name": "mob/cat/hitt2",
				"pitch": 0.9,
				"volume": 0.0375
			},
			{
				"name": "mob/cat/hitt3",
				"pitch": 0.9,
				"volume": 0.0375
			}
		],
		"replace": true,
		"subtitle": "subtitles.entity.cat.death"
	},
	"entity.cat.eat": {
		"sounds": [
		{
			"name": "mob/cat/eat1",
			"volume": 0.05
		},
		{
			"name": "mob/cat/eat2",
			"volume": 0.05
		}
		],
		"replace": true,
		"subtitle": "subtitles.entity.cat.eat"
	},
	"entity.cat.hiss": {
		"sounds": [
			{
				"name": "mob/cat/hiss1",
				"volume": 0.02
			},
			{
				"name": "mob/cat/hiss2",
				"volume": 0.02
			},
			{
				"name": "mob/cat/hiss3",
				"volume": 0.02
			}
		],
		"replace": true,
		"subtitle": "subtitles.entity.cat.hiss"
	},
	"entity.cat.hurt": {
		"sounds": [
			{
				"name": "mob/cat/hitt1",
				"volume": 0.0325
			},
			{
				"name": "mob/cat/hitt2",
				"volume": 0.0325
			},
			{
				"name": "mob/cat/hitt3",
				"volume": 0.0325
			}
		],
		"replace": true,
		"subtitle": "subtitles.entity.cat.hurt"
	},
	"entity.cat.purr": {
		"sounds": [
			{
				"name": "mob/cat/purr1",
				"volume": 0.035
			},
			{
				"name": "mob/cat/purr2",
				"volume": 0.035
			},
			{
				"name": "mob/cat/purr3",
				"volume": 0.035
			}
		],
		"replace": true,
		"subtitle": "subtitles.entity.cat.purr"
	},
	"entity.cat.purreow": {
		"sounds": [
			{
				"name": "mob/cat/purreow1",
				"volume": 0.025
			},
			{
				"name": "mob/cat/purreow2",
				"volume": 0.025
			}
		],
		"replace": true,
		"subtitle": "subtitles.entity.cat.ambient"
	},
	"entity.cat.stray_ambient": {
		"sounds": [
			{
				"name": "mob/cat/stray/idle1",
				"volume": 0.0175
			},
			{
				"name": "mob/cat/stray/idle2",
				"volume": 0.0175
			},
			{
				"name": "mob/cat/stray/idle3",
				"volume": 0.0175
			},
			{
				"name": "mob/cat/stray/idle4",
				"volume": 0.0175
			}
		],
		"replace": true,
		"subtitle": "subtitles.entity.cat.ambient"
	}
}